sadness,joy,love,anger,fear,surprise,accuracy,macro avg,weighted avg
0.8953488372093024,0.9878048780487805,0.8,0.8,0.8947368421052632,0.875,0.904,0.8754817595605576,0.908488401946443
0.9506172839506173,0.9101123595505618,0.8695652173913043,0.8888888888888888,0.7727272727272727,0.875,0.904,0.8778185037514409,0.904
0.9221556886227545,0.9473684210526315,0.8333333333333334,0.8421052631578947,0.8292682926829268,0.875,0.904,0.8748718331415901,0.9046312458523261
81.0,89.0,23.0,27.0,22.0,8.0,0.904,250.0,250.0
