sadness,joy,love,anger,fear,surprise,accuracy,macro avg,weighted avg
0.9125,0.9529411764705882,0.6956521739130435,0.7419354838709677,0.7916666666666666,1.0,0.876,0.849115916820211,0.8806927577482605
0.9012345679012346,0.9101123595505618,0.6956521739130435,0.8518518518518519,0.8636363636363636,0.875,0.876,0.8495812194755091,0.876
0.906832298136646,0.9310344827586207,0.6956521739130435,0.7931034482758621,0.8260869565217391,0.9333333333333333,0.876,0.8476737821565408,0.877479431712715
81.0,89.0,23.0,27.0,22.0,8.0,0.876,250.0,250.0
